use `StudyPack`;

# INSERTING COMPREHENSIVE MOCK DATA

# Strong Entity: Professor (30-40 rows)
INSERT INTO Professor (profId, firstName, lastName, department, degree1, degree2, degree3)
VALUES
(1001, 'Jennifer', 'Smith', 'Computer Science', 'PhD Computer Science', 'MS Software Engineering', 'BS Computer Science'),
(1002, 'Michael', 'Davis', 'Computer Science', 'PhD Databases', 'MS Computer Science', 'BS Mathematics'),
(1003, 'Sarah', 'Williams', 'Mathematics', 'PhD Applied Mathematics', 'MS Mathematics', 'BS Statistics'),
(1004, 'Robert', 'Johnson', 'Computer Science', 'PhD Artificial Intelligence', 'MS Computer Science', 'BS Physics'),
(1005, 'Emily', 'Brown', 'Data Science', 'PhD Data Science', 'MS Statistics', 'BS Mathematics'),
(1006, 'David', 'Miller', 'Computer Science', 'PhD Software Engineering', 'MS Computer Engineering', 'BS Computer Science'),
(1007, 'Lisa', 'Anderson', 'Mathematics', 'PhD Pure Mathematics', 'MS Mathematics', 'BS Mathematics'),
(1008, 'James', 'Wilson', 'Computer Science', 'PhD Computer Networks', 'MS Electrical Engineering', 'BS Computer Science'),
(1009, 'Maria', 'Garcia', 'Data Science', 'PhD Machine Learning', 'MS Computer Science', 'BS Statistics'),
(1010, 'Thomas', 'Martinez', 'Computer Science', 'PhD Cybersecurity', 'MS Information Security', 'BS Computer Science'),
(1011, 'Patricia', 'Rodriguez', 'Mathematics', 'PhD Mathematical Logic', 'MS Mathematics', 'BS Philosophy'),
(1012, 'Christopher', 'Lee', 'Computer Science', 'PhD Human-Computer Interaction', 'MS Design', 'BS Computer Science'),
(1013, 'Linda', 'Walker', 'Data Science', 'PhD Big Data Analytics', 'MS Statistics', 'BS Economics'),
(1014, 'Daniel', 'Hall', 'Computer Science', 'PhD Algorithms', 'MS Computer Science', 'BS Mathematics'),
(1015, 'Barbara', 'Allen', 'Mathematics', 'PhD Topology', 'MS Mathematics', 'BS Mathematics'),
(1016, 'Paul', 'Young', 'Computer Science', 'PhD Distributed Systems', 'MS Computer Science', 'BS Engineering'),
(1017, 'Susan', 'King', 'Data Science', 'PhD Statistical Learning', 'MS Mathematics', 'BS Statistics'),
(1018, 'Steven', 'Wright', 'Computer Science', 'PhD Programming Languages', 'MS Computer Science', 'BS Linguistics'),
(1019, 'Karen', 'Lopez', 'Mathematics', 'PhD Differential Equations', 'MS Applied Mathematics', 'BS Physics'),
(1020, 'Kevin', 'Hill', 'Computer Science', 'PhD Computer Vision', 'MS Electrical Engineering', 'BS Computer Science'),
(1021, 'Nancy', 'Scott', 'Data Science', 'PhD Neural Networks', 'MS Computer Science', 'BS Mathematics'),
(1022, 'Brian', 'Green', 'Computer Science', 'PhD Operating Systems', 'MS Computer Engineering', 'BS Computer Science'),
(1023, 'Betty', 'Adams', 'Mathematics', 'PhD Probability Theory', 'MS Statistics', 'BS Mathematics'),
(1024, 'Edward', 'Baker', 'Computer Science', 'PhD Compiler Design', 'MS Computer Science', 'BS Computer Science'),
(1025, 'Margaret', 'Gonzalez', 'Data Science', 'PhD Data Mining', 'MS Computer Science', 'BS Business'),
(1026, 'Ronald', 'Nelson', 'Computer Science', 'PhD Mobile Computing', 'MS Computer Science', 'BS Electrical Engineering'),
(1027, 'Dorothy', 'Carter', 'Mathematics', 'PhD Numerical Analysis', 'MS Computational Mathematics', 'BS Mathematics'),
(1028, 'Anthony', 'Mitchell', 'Computer Science', 'PhD Software Testing', 'MS Software Engineering', 'BS Computer Science'),
(1029, 'Sandra', 'Perez', 'Data Science', 'PhD Predictive Analytics', 'MS Statistics', 'BS Economics'),
(1030, 'Mark', 'Roberts', 'Computer Science', 'PhD Cloud Computing', 'MS Computer Science', 'BS Information Technology'),
(1031, 'Ashley', 'Turner', 'Mathematics', 'PhD Algebra', 'MS Mathematics', 'BS Mathematics'),
(1032, 'Joshua', 'Phillips', 'Computer Science', 'PhD Quantum Computing', 'MS Physics', 'BS Computer Science'),
(1033, 'Kimberly', 'Campbell', 'Data Science', 'PhD Natural Language Processing', 'MS Linguistics', 'BS Computer Science'),
(1034, 'Andrew', 'Parker', 'Computer Science', 'PhD Blockchain Technology', 'MS Computer Science', 'BS Mathematics'),
(1035, 'Donna', 'Evans', 'Mathematics', 'PhD Graph Theory', 'MS Discrete Mathematics', 'BS Computer Science');

# Strong Entity: Course (30-40 rows)
INSERT INTO Course (CRN, department, courseNum, name)
VALUES
(12345, 'Computer Science', 3200, 'Database Design'),
(23456, 'Computer Science', 2500, 'Fundamentals of Computer Science 1'),
(34567, 'Mathematics', 1365, 'Introduction to Mathematical Reasoning'),
(45678, 'Computer Science', 3500, 'Object-Oriented Design'),
(56789, 'Computer Science', 2510, 'Fundamentals of Computer Science 2'),
(67890, 'Computer Science', 3000, 'Algorithms and Data Structures'),
(78901, 'Data Science', 2000, 'Introduction to Data Science'),
(89012, 'Computer Science', 4500, 'Software Engineering'),
(90123, 'Mathematics', 2331, 'Linear Algebra'),
(11234, 'Computer Science', 3650, 'Computer Systems'),
(22345, 'Data Science', 3000, 'Machine Learning'),
(33456, 'Computer Science', 4100, 'Artificial Intelligence'),
(44567, 'Mathematics', 3435, 'Probability and Statistics'),
(55678, 'Computer Science', 3800, 'Theory of Computation'),
(66789, 'Data Science', 4000, 'Big Data Analytics'),
(77890, 'Computer Science', 4200, 'Computer Networks'),
(88901, 'Mathematics', 4581, 'Abstract Algebra'),
(99012, 'Computer Science', 4600, 'Computer Graphics'),
(10123, 'Data Science', 3500, 'Statistical Learning'),
(21234, 'Computer Science', 4300, 'Cybersecurity'),
(32345, 'Mathematics', 3081, 'Calculus III'),
(43456, 'Computer Science', 3400, 'Programming Languages'),
(54567, 'Data Science', 2500, 'Data Visualization'),
(65678, 'Computer Science', 4800, 'Mobile App Development'),
(76789, 'Mathematics', 4025, 'Real Analysis'),
(87890, 'Computer Science', 4700, 'Distributed Systems'),
(98901, 'Data Science', 4500, 'Deep Learning'),
(19012, 'Computer Science', 3900, 'Human-Computer Interaction'),
(20123, 'Mathematics', 2321, 'Discrete Mathematics'),
(31234, 'Computer Science', 4400, 'Operating Systems'),
(42345, 'Data Science', 3200, 'Data Mining'),
(53456, 'Computer Science', 4900, 'Senior Capstone'),
(64567, 'Mathematics', 3540, 'Differential Equations'),
(75678, 'Computer Science', 3300, 'Web Development'),
(86789, 'Data Science', 3800, 'Time Series Analysis');

# Strong Entity: Student (30-40 rows)
INSERT INTO Student (nuID, firstName, lastName, email, gradYear, majorOne, majorTwo, minor)
VALUES
(002345678, 'Lucas', 'Rodriguez', 'rodriguez.l@northeastern.edu', '2026-05-15', 'Computer Science', 'Mathematics', 'Business Administration'),
(002456789, 'Marcus', 'Chen', 'chen.m@northeastern.edu', '2025-05-15', 'Data Science', NULL, 'Statistics'),
(002567890, 'Sarah', 'Johnson', 'johnson.s@northeastern.edu', '2027-05-15', 'Computer Science', NULL, NULL),
(002678901, 'Emma', 'Thompson', 'thompson.e@northeastern.edu', '2026-05-15', 'Computer Science', NULL, 'Mathematics'),
(002789012, 'Ryan', 'Patel', 'patel.r@northeastern.edu', '2025-12-15', 'Data Science', 'Computer Science', NULL),
(002890123, 'Olivia', 'Martinez', 'martinez.o@northeastern.edu', '2026-05-15', 'Computer Science', NULL, 'Data Science'),
(002901234, 'Ethan', 'Anderson', 'anderson.e@northeastern.edu', '2027-05-15', 'Data Science', NULL, 'Mathematics'),
(002012345, 'Ava', 'Taylor', 'taylor.a@northeastern.edu', '2025-05-15', 'Computer Science', 'Data Science', NULL),
(002123456, 'Noah', 'Thomas', 'thomas.n@northeastern.edu', '2026-05-15', 'Computer Science', NULL, 'Business'),
(002234567, 'Sophia', 'Jackson', 'jackson.s@northeastern.edu', '2027-05-15', 'Data Science', NULL, NULL),
(002345679, 'Liam', 'White', 'white.l@northeastern.edu', '2025-05-15', 'Computer Science', 'Mathematics', NULL),
(002456790, 'Isabella', 'Harris', 'harris.i@northeastern.edu', '2026-05-15', 'Data Science', NULL, 'Statistics'),
(002567891, 'Mason', 'Martin', 'martin.m@northeastern.edu', '2027-05-15', 'Computer Science', NULL, NULL),
(002678902, 'Mia', 'Garcia', 'garcia.m@northeastern.edu', '2025-05-15', 'Data Science', 'Mathematics', NULL),
(002789013, 'James', 'Robinson', 'robinson.j@northeastern.edu', '2026-05-15', 'Computer Science', NULL, 'Physics'),
(002890124, 'Charlotte', 'Clark', 'clark.c@northeastern.edu', '2027-05-15', 'Computer Science', NULL, NULL),
(002901235, 'Benjamin', 'Lewis', 'lewis.b@northeastern.edu', '2025-05-15', 'Data Science', NULL, 'Business'),
(002012346, 'Amelia', 'Lee', 'lee.a@northeastern.edu', '2026-05-15', 'Computer Science', 'Data Science', NULL),
(002123457, 'Elijah', 'Walker', 'walker.e@northeastern.edu', '2027-05-15', 'Computer Science', NULL, 'Mathematics'),
(002234568, 'Harper', 'Hall', 'hall.h@northeastern.edu', '2025-05-15', 'Data Science', NULL, NULL),
(002345680, 'Lucas', 'Allen', 'allen.l@northeastern.edu', '2026-05-15', 'Computer Science', NULL, 'Statistics'),
(002456791, 'Evelyn', 'Young', 'young.e@northeastern.edu', '2027-05-15', 'Data Science', 'Computer Science', NULL),
(002567892, 'Alexander', 'King', 'king.a@northeastern.edu', '2025-05-15', 'Computer Science', NULL, NULL),
(002678903, 'Abigail', 'Wright', 'wright.a@northeastern.edu', '2026-05-15', 'Data Science', NULL, 'Mathematics'),
(002789014, 'Michael', 'Lopez', 'lopez.m@northeastern.edu', '2027-05-15', 'Computer Science', 'Mathematics', NULL),
(002890125, 'Emily', 'Hill', 'hill.e@northeastern.edu', '2025-05-15', 'Computer Science', NULL, NULL),
(002901236, 'Daniel', 'Scott', 'scott.d@northeastern.edu', '2026-05-15', 'Data Science', NULL, 'Business'),
(002012347, 'Elizabeth', 'Green', 'green.e@northeastern.edu', '2027-05-15', 'Computer Science', NULL, 'Data Science'),
(002123458, 'Matthew', 'Adams', 'adams.m@northeastern.edu', '2025-05-15', 'Computer Science', NULL, NULL),
(002234569, 'Sofia', 'Baker', 'baker.s@northeastern.edu', '2026-05-15', 'Data Science', 'Mathematics', NULL),
(002345681, 'Jackson', 'Gonzalez', 'gonzalez.j@northeastern.edu', '2027-05-15', 'Computer Science', NULL, NULL),
(002456792, 'Avery', 'Nelson', 'nelson.a@northeastern.edu', '2025-05-15', 'Data Science', NULL, 'Statistics'),
(002567893, 'David', 'Carter', 'carter.d@northeastern.edu', '2026-05-15', 'Computer Science', 'Data Science', NULL),
(002678904, 'Ella', 'Mitchell', 'mitchell.e@northeastern.edu', '2027-05-15', 'Computer Science', NULL, NULL),
(002789015, 'Joseph', 'Perez', 'perez.j@northeastern.edu', '2025-05-15', 'Data Science', NULL, 'Mathematics');

# Strong Entity: TA_Admin (30-40 rows)
INSERT INTO TA_Admin (nuID, firstName, lastName, email, crn)
VALUES
(001234567, 'Alex', 'Martinez', 'martinez.a@northeastern.edu', 12345),
(001345678, 'Jamie', 'Lee', 'lee.j@northeastern.edu', 23456),
(001456789, 'Taylor', 'Brown', 'brown.t@northeastern.edu', 34567),
(001567891, 'Jordan', 'Williams', 'williams.j@northeastern.edu', 45678),
(001678902, 'Casey', 'Jones', 'jones.c@northeastern.edu', 56789),
(001789013, 'Morgan', 'Davis', 'davis.m@northeastern.edu', 67890),
(001890124, 'Riley', 'Miller', 'miller.r@northeastern.edu', 78901),
(001901235, 'Quinn', 'Wilson', 'wilson.q@northeastern.edu', 89012),
(001012346, 'Avery', 'Moore', 'moore.a@northeastern.edu', 90123),
(001123457, 'Sage', 'Taylor', 'taylor.s@northeastern.edu', 11234),
(001234568, 'Parker', 'Anderson', 'anderson.p@northeastern.edu', 22345),
(001345679, 'Drew', 'Thomas', 'thomas.d@northeastern.edu', 33456),
(001456790, 'Skylar', 'Jackson', 'jackson.s@northeastern.edu', 44567),
(001567892, 'Reese', 'White', 'white.r@northeastern.edu', 55678),
(001678903, 'Cameron', 'Harris', 'harris.c@northeastern.edu', 66789),
(001789014, 'Blake', 'Martin', 'martin.b@northeastern.edu', 77890),
(001890125, 'Dakota', 'Garcia', 'garcia.d@northeastern.edu', 88901),
(001901236, 'Phoenix', 'Robinson', 'robinson.p@northeastern.edu', 99012),
(001012347, 'River', 'Clark', 'clark.r@northeastern.edu', 10123),
(001123458, 'Ash', 'Lewis', 'lewis.a@northeastern.edu', 21234),
(001234569, 'Rowan', 'Walker', 'walker.r@northeastern.edu', 32345),
(001345680, 'Indigo', 'Hall', 'hall.i@northeastern.edu', 43456),
(001456791, 'Kai', 'Allen', 'allen.k@northeastern.edu', 54567),
(001567893, 'Ember', 'Young', 'young.e@northeastern.edu', 65678),
(001678904, 'Atlas', 'King', 'king.a@northeastern.edu', 76789),
(001789015, 'Nova', 'Wright', 'wright.n@northeastern.edu', 87890),
(001890126, 'Echo', 'Lopez', 'lopez.e@northeastern.edu', 98901),
(001901237, 'Sage', 'Hill', 'hill.s@northeastern.edu', 19012),
(001012348, 'Phoenix', 'Scott', 'scott.p@northeastern.edu', 20123),
(001123459, 'River', 'Green', 'green.r@northeastern.edu', 31234),
(001234570, 'Storm', 'Adams', 'adams.s@northeastern.edu', 42345);

# Strong Entity: TeachingAssistant (30-40 rows)
INSERT INTO TeachingAssistant (nuID, firstName, lastName, email, crn, adminID)
VALUES
(001567890, 'Chris', 'Wilson', 'wilson.c@northeastern.edu', 12345, 001234567),
(001678901, 'Jordan', 'Davis', 'davis.j@northeastern.edu', 12345, 001234567),
(001789012, 'Morgan', 'Garcia', 'garcia.m@northeastern.edu', 23456, 001345678),
(001890123, 'Casey', 'Miller', 'miller.c@northeastern.edu', 34567, 001456789),
(001901234, 'Sam', 'Rodriguez', 'rodriguez.s@northeastern.edu', 45678, 001567891),
(001012345, 'Taylor', 'Martinez', 'martinez.t@northeastern.edu', 56789, 001678902),
(001123456, 'Alex', 'Hernandez', 'hernandez.a@northeastern.edu', 67890, 001789013),
(001234566, 'Jamie', 'Lopez', 'lopez.j@northeastern.edu', 78901, 001890124),
(001345677, 'Riley', 'Gonzalez', 'gonzalez.r@northeastern.edu', 89012, 001901235),
(001456788, 'Quinn', 'Wilson', 'wilson.q2@northeastern.edu', 90123, 001012346),
(001567899, 'Parker', 'Anderson', 'anderson.p2@northeastern.edu', 11234, 001123457),
(001678900, 'Morgan', 'Thomas', 'thomas.m@northeastern.edu', 22345, 001234568),
(001789011, 'Casey', 'Taylor', 'taylor.c@northeastern.edu', 33456, 001345679),
(001890122, 'Jordan', 'Moore', 'moore.j@northeastern.edu', 44567, 001456790),
(001901233, 'Drew', 'Jackson', 'jackson.d@northeastern.edu', 55678, 001567892),
(001012344, 'Avery', 'Martin', 'martin.a@northeastern.edu', 66789, 001678903),
(001123455, 'Skylar', 'Lee', 'lee.s@northeastern.edu', 77890, 001789014),
(001234565, 'River', 'Perez', 'perez.r@northeastern.edu', 88901, 001890125),
(001345676, 'Blake', 'White', 'white.b@northeastern.edu', 99012, 001901236),
(001456787, 'Cameron', 'Harris', 'harris.c2@northeastern.edu', 10123, 001012347),
(001567898, 'Sage', 'Clark', 'clark.s@northeastern.edu', 21234, 001123458),
(001678909, 'Phoenix', 'Lewis', 'lewis.p@northeastern.edu', 32345, 001234569),
(001789010, 'Dakota', 'Walker', 'walker.d@northeastern.edu', 43456, 001345680),
(001890121, 'Reese', 'Hall', 'hall.r@northeastern.edu', 54567, 001456791),
(001901232, 'Quinn', 'Allen', 'allen.q@northeastern.edu', 65678, 001567893),
(001012343, 'Ash', 'Young', 'young.a@northeastern.edu', 76789, 001678904),
(001123454, 'Rowan', 'King', 'king.r@northeastern.edu', 87890, 001789015),
(001234564, 'Kai', 'Wright', 'wright.k@northeastern.edu', 98901, 001890126),
(001345675, 'Nova', 'Lopez', 'lopez.n@northeastern.edu', 19012, 001901237),
(001456786, 'Echo', 'Hill', 'hill.e@northeastern.edu', 20123, 001012348),
(001567897, 'Atlas', 'Scott', 'scott.a@northeastern.edu', 31234, 001123459),
(001678908, 'Ember', 'Green', 'green.e@northeastern.edu', 42345, 001234570),
(001789009, 'Storm', 'Adams', 'adams.st@northeastern.edu', 53456, 001234567),
(001890120, 'Rain', 'Baker', 'baker.r@northeastern.edu', 64567, 001345678),
(001901231, 'Luna', 'Nelson', 'nelson.l@northeastern.edu', 75678, 001456789);

# Strong Entity: PeerTutor (30-40 rows)
INSERT INTO PeerTutor (nuID, firstName, lastName)
VALUES
(003123456, 'John', 'Adams'),
(003234567, 'Brian', 'O''Connor'),
(003345678, 'Diana', 'Nguyen'),
(003456789, 'Eric', 'Foster'),
(003567890, 'Fiona', 'Sullivan'),
(003678901, 'George', 'Patel'),
(003789012, 'Hannah', 'Kim'),
(003890123, 'Ian', 'Chang'),
(003901234, 'Jessica', 'Ramirez'),
(003012345, 'Kevin', 'Santos'),
(003123457, 'Laura', 'Cohen'),
(003234568, 'Marcus', 'Washington'),
(003345679, 'Nina', 'Patel'),
(003456780, 'Oscar', 'Diaz'),
(003567891, 'Priya', 'Sharma'),
(003678902, 'Quinn', 'Murphy'),
(003789013, 'Rachel', 'Chen'),
(003890124, 'Samuel', 'Rodriguez'),
(003901235, 'Tara', 'Singh'),
(003012346, 'Umar', 'Ali'),
(003123458, 'Victoria', 'Brown'),
(003234569, 'William', 'Taylor'),
(003345680, 'Xander', 'Lee'),
(003456781, 'Yara', 'Martinez'),
(003567892, 'Zoe', 'Anderson'),
(003678903, 'Aaron', 'Thomas'),
(003789014, 'Bella', 'Jackson'),
(003890125, 'Carlos', 'White'),
(003901236, 'Daisy', 'Harris'),
(003012347, 'Ethan', 'Martin'),
(003123459, 'Faith', 'Garcia'),
(003234570, 'Gabriel', 'Robinson'),
(003345681, 'Holly', 'Clark'),
(003456782, 'Isaac', 'Lewis'),
(003567893, 'Julia', 'Walker');

# Strong Entity: Resource (30-40 rows)
INSERT INTO Resource (resourceID, name, type, dateUploaded, description, CRN, profID)
VALUES
(5001, 'ER Diagram Tutorial', 'PDF', '2025-09-15', 'Comprehensive guide to creating ER diagrams', 12345, 1001),
(5002, 'SQL Basics Video Series', 'Video', '2025-10-01', 'Introduction to SQL queries', 12345, 1001),
(5003, 'Java Programming Textbook', 'Textbook', '2025-08-20', 'Introduction to Object-Oriented Programming', 23456, 1002),
(5004, 'Normalization Guide', 'PDF', '2025-09-20', 'Database normalization forms explained', 12345, 1002),
(5005, 'Math Reasoning Proofs', 'URL', '2025-09-01', 'Online proof examples', 34567, 1003),
(5006, 'Python Basics', 'PDF', '2025-09-10', 'Introduction to Python programming', 23456, 1004),
(5007, 'Algorithm Analysis Videos', 'Video', '2025-09-25', 'Big O notation and complexity analysis', 67890, 1006),
(5008, 'Linear Algebra Workbook', 'PDF', '2025-09-05', 'Practice problems with solutions', 90123, 1007),
(5009, 'Machine Learning Slides', 'PDF', '2025-10-15', 'Introduction to ML algorithms', 22345, 1009),
(5010, 'Cybersecurity Best Practices', 'URL', '2025-09-18', 'Security guidelines and protocols', 21234, 1010),
(5011, 'Data Structures Cheat Sheet', 'PDF', '2025-09-12', 'Quick reference for common data structures', 67890, 1014),
(5012, 'Statistics Tutorial', 'Video', '2025-09-22', 'Probability distributions explained', 44567, 1017),
(5013, 'Web Development Guide', 'PDF', '2025-10-05', 'HTML, CSS, and JavaScript basics', 75678, 1026),
(5014, 'Operating Systems Concepts', 'Textbook', '2025-08-30', 'Process management and memory', 31234, 1022),
(5015, 'Calculus Practice Problems', 'PDF', '2025-09-08', 'Integration and differentiation exercises', 32345, 1019),
(5016, 'AI Ethics Discussion', 'URL', '2025-10-10', 'Ethical considerations in AI', 33456, 1004),
(5017, 'Software Testing Methods', 'PDF', '2025-09-28', 'Unit testing and integration testing', 89012, 1028),
(5018, 'Database Indexing', 'Video', '2025-10-12', 'Performance optimization techniques', 12345, 1002),
(5019, 'Graph Theory Basics', 'PDF', '2025-09-17', 'Introduction to graphs and trees', 34567, 1035),
(5020, 'Mobile App Development', 'Textbook', '2025-08-25', 'iOS and Android development', 65678, 1026),
(5021, 'Neural Networks', 'Video', '2025-10-20', 'Deep learning fundamentals', 98901, 1021),
(5022, 'Discrete Math Problems', 'PDF', '2025-09-14', 'Logic and set theory exercises', 20123, 1011),
(5023, 'Cloud Computing Overview', 'URL', '2025-09-30', 'AWS and Azure basics', 87890, 1030),
(5024, 'Computer Networks Lab', 'PDF', '2025-10-08', 'TCP/IP and routing protocols', 77890, 1008),
(5025, 'Data Visualization Guide', 'PDF', '2025-09-19', 'Creating effective charts and graphs', 54567, 1013),
(5026, 'Compiler Design Notes', 'PDF', '2025-09-21', 'Lexical analysis and parsing', 43456, 1024),
(5027, 'Computer Graphics Tutorial', 'Video', '2025-10-18', '3D rendering and animation', 99012, 1020),
(5028, 'Algorithms Textbook', 'Textbook', '2025-08-22', 'Sorting and searching algorithms', 67890, 1014),
(5029, 'Probability Theory', 'PDF', '2025-09-16', 'Random variables and distributions', 44567, 1023),
(5030, 'Software Engineering Practices', 'URL', '2025-10-02', 'Agile and Scrum methodologies', 89012, 1006),
(5031, 'Abstract Algebra Problems', 'PDF', '2025-09-24', 'Group theory exercises', 88901, 1015),
(5032, 'Distributed Systems', 'Video', '2025-10-22', 'Consistency and fault tolerance', 87890, 1016),
(5033, 'HCI Design Principles', 'PDF', '2025-09-26', 'User interface best practices', 19012, 1012),
(5034, 'Big Data Technologies', 'URL', '2025-10-14', 'Hadoop and Spark overview', 66789, 1005),
(5035, 'Quantum Computing Intro', 'PDF', '2025-10-25', 'Qubits and quantum gates', 12345, 1032);

# Strong Entity: StudyLocation (30-40 rows)
INSERT INTO StudyLocation (status, capacity, room, building)
VALUES
(1, 20, '201', 'Snell Library'),
(1, 15, '305', 'Curry Student Center'),
(0, 10, '102', 'Forsyth Building'),
(1, 25, '401', 'Ryder Hall'),
(1, 30, '210', 'Snell Library'),
(1, 18, '115', 'Curry Student Center'),
(1, 12, '303', 'Forsyth Building'),
(0, 20, '502', 'Ryder Hall'),
(1, 22, '105', 'Snell Library'),
(1, 16, '220', 'Curry Student Center'),
(1, 14, '408', 'Forsyth Building'),
(1, 28, '311', 'Ryder Hall'),
(1, 19, '116', 'Snell Library'),
(0, 21, '405', 'Curry Student Center'),
(1, 17, '207', 'Forsyth Building'),
(1, 24, '509', 'Ryder Hall'),
(1, 26, '312', 'Snell Library'),
(1, 15, '118', 'Curry Student Center'),
(1, 13, '501', 'Forsyth Building'),
(1, 29, '604', 'Ryder Hall'),
(0, 20, '415', 'Snell Library'),
(1, 18, '225', 'Curry Student Center'),
(1, 16, '308', 'Forsyth Building'),
(1, 23, '417', 'Ryder Hall'),
(1, 21, '119', 'Snell Library'),
(1, 17, '320', 'Curry Student Center'),
(1, 14, '210', 'Forsyth Building'),
(1, 27, '518', 'Ryder Hall'),
(0, 19, '122', 'Snell Library'),
(1, 22, '428', 'Curry Student Center'),
(1, 15, '315', 'Forsyth Building'),
(1, 25, '620', 'Ryder Hall'),
(1, 20, '226', 'Snell Library'),
(1, 18, '135', 'Curry Student Center'),
(1, 16, '412', 'Forsyth Building');

# Strong Entity: StudySession (30-40 rows)
INSERT INTO StudySession (sessionID, locID, startTime, endTime, date, adminID, studentID)
VALUES
(1001, 1, '2025-11-20 14:00:00', '2025-11-20 16:00:00', '2025-11-20', 001234567, NULL),
(1002, 2, '2025-11-21 10:00:00', '2025-11-21 12:00:00', '2025-11-21', 001345678, NULL),
(1003, 1, '2025-11-22 15:00:00', '2025-11-22 17:00:00', '2025-11-22', 001234567, NULL),
(1004, 4, '2025-11-23 13:00:00', '2025-11-23 15:00:00', '2025-11-23', 001456789, 002345678),
(1005, 5, '2025-11-24 09:00:00', '2025-11-24 11:00:00', '2025-11-24', 001567891, NULL),
(1006, 6, '2025-11-25 16:00:00', '2025-11-25 18:00:00', '2025-11-25', 001678902, 002456789),
(1007, 7, '2025-11-26 11:00:00', '2025-11-26 13:00:00', '2025-11-26', 001789013, NULL),
(1008, 9, '2025-11-27 14:00:00', '2025-11-27 16:00:00', '2025-11-27', 001890124, NULL),
(1009, 10, '2025-11-28 10:00:00', '2025-11-28 12:00:00', '2025-11-28', 001901235, 002567890),
(1010, 11, '2025-11-29 15:00:00', '2025-11-29 17:00:00', '2025-11-29', 001012346, NULL),
(1011, 12, '2025-11-30 13:00:00', '2025-11-30 15:00:00', '2025-11-30', 001123457, NULL),
(1012, 13, '2025-12-01 09:00:00', '2025-12-01 11:00:00', '2025-12-01', 001234568, 002678901),
(1013, 15, '2025-12-02 16:00:00', '2025-12-02 18:00:00', '2025-12-02', 001345679, NULL),
(1014, 16, '2025-12-03 11:00:00', '2025-12-03 13:00:00', '2025-12-03', 001456790, NULL),
(1015, 17, '2025-12-04 14:00:00', '2025-12-04 16:00:00', '2025-12-04', 001567892, 002789012),
(1016, 18, '2025-12-05 10:00:00', '2025-12-05 12:00:00', '2025-12-05', 001678903, NULL),
(1017, 19, '2025-12-06 15:00:00', '2025-12-06 17:00:00', '2025-12-06', 001789014, NULL),
(1018, 20, '2025-12-07 13:00:00', '2025-12-07 15:00:00', '2025-12-07', 001890125, 002890123),
(1019, 22, '2025-12-08 09:00:00', '2025-12-08 11:00:00', '2025-12-08', 001901236, NULL),
(1020, 23, '2025-12-09 16:00:00', '2025-12-09 18:00:00', '2025-12-09', 001012347, NULL),
(1021, 24, '2025-12-10 11:00:00', '2025-12-10 13:00:00', '2025-12-10', 001123458, 002901234),
(1022, 25, '2025-12-11 14:00:00', '2025-12-11 16:00:00', '2025-12-11', 001234569, NULL),
(1023, 26, '2025-12-12 10:00:00', '2025-12-12 12:00:00', '2025-12-12', 001345680, NULL),
(1024, 27, '2025-12-13 15:00:00', '2025-12-13 17:00:00', '2025-12-13', 001456791, 002012345),
(1025, 28, '2025-12-14 13:00:00', '2025-12-14 15:00:00', '2025-12-14', 001567893, NULL),
(1026, 30, '2025-12-15 09:00:00', '2025-12-15 11:00:00', '2025-12-15', 001678904, NULL),
(1027, 31, '2025-12-16 16:00:00', '2025-12-16 18:00:00', '2025-12-16', 001789015, 002123456),
(1028, 32, '2025-12-17 11:00:00', '2025-12-17 13:00:00', '2025-12-17', 001890126, NULL),
(1029, 33, '2025-12-18 14:00:00', '2025-12-18 16:00:00', '2025-12-18', 001901237, NULL),
(1030, 34, '2025-12-19 10:00:00', '2025-12-19 12:00:00', '2025-12-19', 001012348, 002234567),
(1031, 1, '2025-12-20 15:00:00', '2025-12-20 17:00:00', '2025-12-20', 001123459, NULL),
(1032, 2, '2025-12-21 13:00:00', '2025-12-21 15:00:00', '2025-12-21', 001234570, NULL),
(1033, 4, '2025-12-22 09:00:00', '2025-12-22 11:00:00', '2025-12-22', 001234567, 002345679),
(1034, 5, '2025-12-23 16:00:00', '2025-12-23 18:00:00', '2025-12-23', 001345678, NULL),
(1035, 6, '2025-12-24 11:00:00', '2025-12-24 13:00:00', '2025-12-24', 001456789, NULL);

# Strong Entity: SessionRequest (30-40 rows)
INSERT INTO SessionRequest (status, dateCreated, adminID)
VALUES
('Pending', '2025-11-15', 001234567),
('Approved', '2025-11-16', 001345678),
('Completed', '2025-11-10', 001234567),
('Pending', '2025-11-18', 001456789),
('Approved', '2025-11-17', 001567891),
('Pending', '2025-11-19', 001678902),
('Completed', '2025-11-12', 001789013),
('Approved', '2025-11-20', 001890124),
('Pending', '2025-11-21', 001901235),
('Pending', '2025-11-22', 001012346),
('Approved', '2025-11-14', 001123457),
('Completed', '2025-11-08', 001234568),
('Pending', '2025-11-23', 001345679),
('Approved', '2025-11-24', 001456790),
('Pending', '2025-11-25', 001567892),
('Completed', '2025-11-09', 001678903),
('Pending', '2025-11-26', 001789014),
('Approved', '2025-11-27', 001890125),
('Pending', '2025-11-28', 001901236),
('Completed', '2025-11-11', 001012347),
('Approved', '2025-11-29', 001123458),
('Pending', '2025-11-30', 001234569),
('Pending', '2025-12-01', 001345680),
('Approved', '2025-12-02', 001456791),
('Completed', '2025-11-13', 001567893),
('Pending', '2025-12-03', 001678904),
('Approved', '2025-12-04', 001789015),
('Pending', '2025-12-05', 001890126),
('Completed', '2025-11-07', 001901237),
('Pending', '2025-12-06', 001012348),
('Approved', '2025-12-07', 001123459),
('Pending', '2025-12-08', 001234570),
('Completed', '2025-11-06', 001234567),
('Pending', '2025-12-09', 001345678),
('Approved', '2025-12-10', 001456789);

# Strong Entity: Tag (30-40 rows)
INSERT INTO Tag (tagID, tagName, `studentCreated?`)
VALUES
(1, 'SQL', 0),
(2, 'ER Diagrams', 0),
(3, 'Normalization', 0),
(4, 'Exam Prep', 1),
(5, 'Project Help', 1),
(6, 'git help', 1),
(7, 'GitHub help', 1),
(8, 'Algorithms', 0),
(9, 'Data Structures', 0),
(10, 'Python', 0),
(11, 'Java', 0),
(12, 'C++', 0),
(13, 'Machine Learning', 0),
(14, 'Statistics', 0),
(15, 'Linear Algebra', 0),
(16, 'Calculus', 0),
(17, 'Recursion', 0),
(18, 'Object-Oriented', 0),
(19, 'Web Development', 0),
(20, 'Mobile Dev', 0),
(21, 'Cybersecurity', 0),
(22, 'Networks', 0),
(23, 'Operating Systems', 0),
(24, 'Compilers', 0),
(25, 'AI', 0),
(26, 'Deep Learning', 0),
(27, 'Probability', 1),
(28, 'Graph Theory', 0),
(29, 'Homework Help', 1),
(30, 'Lab Questions', 1),
(31, 'Quiz Prep', 1),
(32, 'Final Review', 1),
(33, 'Midterm Review', 1),
(34, 'Debugging', 1),
(35, 'Code Review', 1);

# Strong Entity: Announcement (30-40 rows)
INSERT INTO Announcement (title, datePosted, text, adminID)
VALUES
('Database Study Session This Week', '2025-11-18', 'Join us for a comprehensive review of ER diagrams and normalization. All CS3200 students welcome!', 001234567),
('New Study Resources Available', '2025-11-17', 'Check out our new video tutorials on recursion and dynamic programming.', 001345678),
('Office Hours Change', '2025-11-19', 'Office hours moved to Thursdays 2-4pm in Snell Library Room 201.', 001234567),
('Final Exam Study Groups', '2025-11-15', 'Sign up for final exam study group sessions starting next week.', 001456789),
('Algorithm Workshop Tomorrow', '2025-11-20', 'Special workshop on sorting algorithms in Curry 305 at 3pm.', 001567891),
('Python Bootcamp Next Week', '2025-11-21', 'Intensive Python programming bootcamp for beginners. Limited spots available.', 001678902),
('Math Help Sessions', '2025-11-22', 'Drop-in math tutoring every Monday and Wednesday in Ryder 401.', 001789013),
('Project Deadline Extended', '2025-11-23', 'Database design project deadline extended to December 15th.', 001890124),
('Guest Speaker Event', '2025-11-24', 'Industry professional speaking about AI ethics on Friday at 4pm.', 001901235),
('New TA Office Hours', '2025-11-25', 'Additional TA office hours added for finals prep period.', 001012346),
('Study Location Update', '2025-11-26', 'Forsyth 102 will be unavailable this week due to maintenance.', 001123457),
('Midterm Results Posted', '2025-11-14', 'Midterm exam results have been posted to Canvas. Check your grades.', 001234568),
('Group Project Teams', '2025-11-27', 'Project group assignments have been finalized. Check your team roster.', 001345679),
('Lab Session Cancelled', '2025-11-28', 'Friday lab session cancelled. Make-up session scheduled for Monday.', 001456790),
('Extra Credit Opportunity', '2025-11-29', 'Extra credit assignment available on Canvas, due December 20th.', 001567892),
('Winter Break Hours', '2025-11-30', 'Study spaces will have limited hours during winter break.', 001678903),
('Course Evaluation', '2025-12-01', 'Please complete course evaluations by December 15th.', 001789014),
('Final Project Guidelines', '2025-12-02', 'Final project guidelines and rubric posted to course website.', 001890125),
('Study Tips Workshop', '2025-12-03', 'Learn effective study strategies workshop this Thursday at 5pm.', 001901236),
('TA Appreciation', '2025-12-04', 'Thank you to all our amazing TAs for their hard work this semester!', 001012347),
('Final Exam Schedule', '2025-12-05', 'Final exam schedule has been released. Check registrar website.', 001123458),
('Code Review Sessions', '2025-12-06', 'One-on-one code review sessions available by appointment.', 001234569),
('Study Materials Archive', '2025-12-07', 'Past exam materials now available in the study resources folder.', 001345680),
('Career Fair Reminder', '2025-12-08', 'Tech career fair next week. Bring your resume!', 001456791),
('Tutoring Schedule', '2025-12-09', 'Updated peer tutoring schedule posted for finals period.', 001567893),
('Database Competition', '2025-12-10', 'Database design competition with prizes. Submit by December 18th.', 001678904),
('Holiday Party', '2025-12-11', 'End of semester celebration December 20th in Curry Student Center.', 001789015),
('Reading Week', '2025-12-12', 'No new assignments during reading week. Focus on exam prep.', 001890126),
('Lab Equipment Return', '2025-12-13', 'Please return all borrowed lab equipment by December 19th.', 001901237),
('Spring Registration', '2025-12-14', 'Spring semester registration opens December 1st.', 001012348),
('Textbook Buyback', '2025-12-15', 'Bookstore textbook buyback program starts next week.', 001123459),
('Survey Participation', '2025-12-16', 'Help improve our program by completing the student experience survey.', 001234570),
('Study Group Matching', '2025-12-17', 'New study group matching system launching next semester.', 001234567),
('Academic Support', '2025-12-18', 'Academic support services available throughout finals week.', 001345678),
('Good Luck on Finals', '2025-12-19', 'Best wishes to all students on your final exams!', 001456789);

# Weak Entity: ProjectGroup (50-75 rows)
INSERT INTO ProjectGroup (teamID, CRN, teamName)
VALUES
(1, 12345, 'Database Dragons'),
(2, 12345, 'SQL Squad'),
(3, 23456, 'Algorithm Aces'),
(4, 45678, 'Design Patterns Pro'),
(5, 12345, 'Query Masters'),
(6, 23456, 'Code Crushers'),
(7, 34567, 'Math Wizards'),
(8, 45678, 'OOP Ninjas'),
(9, 56789, 'Python Pros'),
(10, 67890, 'Data Structure Dynamos'),
(11, 78901, 'Data Science Squad'),
(12, 89012, 'Software Engineers'),
(13, 90123, 'Matrix Crew'),
(14, 11234, 'System Builders'),
(15, 22345, 'ML Enthusiasts'),
(16, 33456, 'AI Innovators'),
(17, 44567, 'Stats Stars'),
(18, 55678, 'Theory Titans'),
(19, 66789, 'Big Data Team'),
(20, 77890, 'Network Navigators'),
(21, 88901, 'Algebra Architects'),
(22, 99012, 'Graphics Gurus'),
(23, 10123, 'Learning Lab'),
(24, 21234, 'Security Squad'),
(25, 32345, 'Calculus Crew'),
(26, 43456, 'Language Lovers'),
(27, 54567, 'Viz Virtuosos'),
(28, 65678, 'Mobile Mavericks'),
(29, 76789, 'Analysis Aces'),
(30, 87890, 'Distributed Developers'),
(31, 98901, 'Deep Learners'),
(32, 19012, 'HCI Heroes'),
(33, 20123, 'Discrete Disciples'),
(34, 31234, 'OS Operators'),
(35, 42345, 'Mining Masters'),
(36, 12345, 'Relational Rockstars'),
(37, 23456, 'Recursive Rangers'),
(38, 34567, 'Proof Pioneers'),
(39, 45678, 'Pattern Practitioners'),
(40, 56789, 'Code Commanders'),
(41, 67890, 'Algo Avengers'),
(42, 78901, 'Data Detectives'),
(43, 89012, 'Agile Architects'),
(44, 90123, 'Vector Victors'),
(45, 11234, 'Kernel Knights'),
(46, 22345, 'Neural Network Ninjas'),
(47, 33456, 'Intelligence Initiative'),
(48, 44567, 'Probability Pros'),
(49, 55678, 'Computation Champions'),
(50, 66789, 'Hadoop Heroes'),
(51, 12345, 'Transaction Team'),
(52, 23456, 'Sorting Squad'),
(53, 34567, 'Logic Leaders'),
(54, 45678, 'Inheritance Inc'),
(55, 56789, 'Function Force'),
(56, 67890, 'Tree Traversers'),
(57, 78901, 'Model Makers'),
(58, 89012, 'Scrum Squad'),
(59, 90123, 'Eigen Experts'),
(60, 11234, 'Process Pros'),
(61, 22345, 'Gradient Gurus'),
(62, 33456, 'Perception Pioneers'),
(63, 44567, 'Bayesian Brigade'),
(64, 55678, 'Turing Team'),
(65, 66789, 'Spark Squad'),
(66, 77890, 'Protocol Pioneers'),
(67, 88901, 'Group Theorists'),
(68, 99012, 'Render Rangers'),
(69, 10123, 'Classification Crew'),
(70, 21234, 'Encryption Elite');

# Weak Entity: Topic (50-75 rows)
INSERT INTO Topic (crn, topicID, name)
VALUES
(10123, 1, 'Linear Regression'),
(10123, 2, 'Decision Trees'),
(10123, 3, 'SVM'),
(11234, 1, 'Memory Management'),
(11234, 2, 'Process Scheduling'),
(11234, 3, 'File Systems'),
(12345, 1, 'Entity-Relationship Diagrams'),
(12345, 2, 'SQL Queries'),
(12345, 3, 'Normalization'),
(12345, 4, 'Transactions'),
(12345, 5, 'Indexing'),
(12345, 6, 'Query Optimization'),
(19012, 1, 'Writing Effective Tests'),
(20123, 1, 'Customer Managed Keys'),
(20123, 2, 'Using S3 Containers'),
(20123, 3, 'Why Reformatting Code Is Dumb'),
(21234, 1, 'Cryptography'),
(21234, 2, 'Network Security'),
(21234, 3, 'Secure Coding'),
(22345, 1, 'Supervised Learning'),
(22345, 2, 'Unsupervised Learning'),
(22345, 3, 'Model Evaluation'),
(23456, 1, 'Recursion'),
(23456, 2, 'Arrays and Lists'),
(23456, 3, 'Object-Oriented Programming'),
(31234, 1, 'GraphQL Implementation'),
(23456, 4, 'Exception Handling'),
(32345, 1, 'Multivariable Calculus'),
(32345, 2, 'Partial Derivatives'),
(32345, 3, 'Multiple Integrals'),
(33456, 1, 'Search Algorithms'),
(33456, 2, 'Knowledge Representation'),
(33456, 3, 'Neural Networks'),
(34567, 1, 'Proof Techniques'),
(34567, 2, 'Set Theory'),
(34567, 3, 'Logic'),
(34567, 4, 'Functions'),
(42345, 1, 'Intro to Stata'),
(43456, 1, 'Model Setup'),
(44567, 1, 'Probability Distributions'),
(44567, 2, 'Hypothesis Testing'),
(44567, 3, 'Confidence Intervals'),
(45678, 1, 'Design Patterns'),
(45678, 2, 'Inheritance'),
(45678, 3, 'Polymorphism'),
(45678, 4, 'UML Diagrams'),
(53456, 1, 'How the Web Works'),
(53456, 2, 'Docker Containers'),
(53456, 3, 'Using Flask APIs'),
(54567, 1, 'Into to Neural Networks'),
(54567, 2, 'Graph Networks'),
(54567, 3, 'Web Crawling Intro'),
(55678, 1, 'Finite Automata'),
(55678, 2, 'Turing Machines'),
(55678, 3, 'Complexity Classes'),
(56789, 1, 'Classes and Objects'),
(56789, 2, 'File I/O'),
(56789, 3, 'Data Types'),
(64567, 1, 'Intro to Using Git'),
(64567, 2, 'Repository Management'),
(64567,3,'MIT Licenses'),
(65678, 1, 'Implementing Java GUI Using Swing'),
(65678, 2, 'Deployment to Unity'),
(65678,3,'Creating Player AI'),
(66789, 1, 'MapReduce'),
(66789, 2, 'Hadoop Ecosystem'),
(66789, 3, 'Data Warehousing'),
(67890, 1, 'Sorting Algorithms'),
(67890, 2, 'Binary Trees'),
(67890, 3, 'Hash Tables'),
(67890, 4, 'Graphs'),
(67890, 5, 'Dynamic Programming'),
(75678, 1, 'SQL Debugging: Intro To Hell'),
(76789, 1, 'ER Modeling'),
(76789, 2, 'Multiplicity and Participation'),
(76789,3, 'Crowsfeet Diagramming'),
(77890, 1, 'TCP/IP Protocol'),
(77890, 2, 'Routing Algorithms'),
(77890, 3, 'Network Security'),
(78901, 1, 'Data Wrangling'),
(78901, 2, 'Statistical Analysis'),
(78901, 3, 'Data Visualization'),
(86789, 1, 'User Testing Steps'),
(87890, 1, 'Controller Implementation'),
(87890, 2, 'Testing Your Controller'),
(87890, 3, 'Least Principles Theory'),
(89012, 1, 'Agile Methodology'),
(89012, 2, 'Testing Strategies'),
(89012, 3, 'Version Control'),
(90123, 1, 'Matrix Operations'),
(90123, 2, 'Vector Spaces'),
(90123, 3, 'Eigenvalues'),
(88901, 1, 'Group Theory'),
(88901, 2, 'Ring Theory'),
(88901, 3, 'Field Theory'),
(98901, 1, 'Deployment Configuration'),
(99012, 1, '3D Rendering'),
(99012, 2, 'Ray Tracing'),
(99012, 3, 'Texture Mapping')
;


# Bridge Table: Professor_Course (125+ rows)
INSERT INTO Professor_Course (profID, CRN)
VALUES
(1001, 12345), (1001, 23456), (1001, 45678), (1001, 56789),
(1002, 12345), (1002, 67890), (1002, 89012),
(1003, 34567), (1003, 90123), (1003, 32345), (1003, 76789),
(1004, 23456), (1004, 33456), (1004, 45678),
(1005, 78901), (1005, 22345), (1005, 66789), (1005, 86789),
(1006, 45678), (1006, 89012), (1006, 67890),
(1007, 34567), (1007, 90123), (1007, 88901), (1007, 76789),
(1008, 77890), (1008, 21234), (1008, 11234),
(1009, 22345), (1009, 98901), (1009, 78901),
(1010, 21234), (1010, 31234), (1010, 77890),
(1011, 34567), (1011, 20123), (1011, 88901),
(1012, 19012), (1012, 99012), (1012, 45678),
(1013, 54567), (1013, 66789), (1013, 78901), (1013, 42345),
(1014, 67890), (1014, 55678), (1014, 23456),
(1015, 88901), (1015, 76789), (1015, 34567),
(1016, 87890), (1016, 77890), (1016, 31234),
(1017, 44567), (1017, 10123), (1017, 78901),
(1018, 43456), (1018, 23456), (1018, 55678),
(1019, 32345), (1019, 64567), (1019, 34567),
(1020, 99012), (1020, 33456), (1020, 98901),
(1021, 98901), (1021, 22345), (1021, 33456),
(1022, 31234), (1022, 11234), (1022, 87890),
(1023, 44567), (1023, 90123), (1023, 76789),
(1024, 43456), (1024, 55678), (1024, 67890),
(1025, 42345), (1025, 66789), (1025, 78901), (1025, 54567),
(1026, 65678), (1026, 75678), (1026, 99012),
(1027, 32345), (1027, 90123), (1027, 64567),
(1028, 89012), (1028, 45678), (1028, 53456),
(1029, 42345), (1029, 78901), (1029, 10123), (1029, 44567),
(1030, 87890), (1030, 66789), (1030, 89012),
(1031, 88901), (1031, 34567), (1031, 20123),
(1032, 12345), (1032, 55678), (1032, 67890),
(1033, 10123), (1033, 22345), (1033, 19012),
(1034, 12345), (1034, 21234), (1034, 87890),
(1035, 20123), (1035, 34567), (1035, 67890),
(1001, 67890), (1002, 23456), (1003, 44567),
(1004, 67890), (1005, 98901), (1006, 22345),
(1007, 32345), (1008, 87890), (1009, 66789),
(1010, 89012), (1011, 76789), (1012, 33456),
(1013, 22345), (1014, 33456), (1015, 90123),
(1016, 21234), (1017, 66789), (1018, 31234),
(1019, 90123), (1020, 22345), (1021, 54567),
(1022, 77890), (1023, 32345), (1024, 89012),
(1025, 10123), (1026, 19012), (1027, 44567),
(1028, 67890), (1029, 54567), (1030, 31234),
(1031, 44567), (1032, 33456), (1033, 98901),
(1034, 67890), (1035, 88901);

# Bridge Table: EnrolledIn (125+ rows)
INSERT INTO EnrolledIn (nuID, CRN, year, semester, sectionNum)
VALUES
(002345678, 12345, 2025, 'Fall', 1),
(002345678, 23456, 2025, 'Fall', 2),
(002345678, 67890, 2025, 'Spring', 1),
(002345678, 34567, 2025, 'Spring', 2),
(002456789, 12345, 2025, 'Fall', 2),
(002456789, 34567, 2025, 'Spring', 1),
(002456789, 22345, 2025, 'Fall', 1),
(002456789, 44567, 2025, 'Spring', 3),
(002567890, 23456, 2025, 'Spring', 1),
(002567890, 45678, 2025, 'Fall', 1),
(002567890, 89012, 2025, 'Spring', 2),
(002567890, 56789, 2025, 'Fall', 3),
(002678901, 34567, 2025, 'Fall', 1),
(002678901, 56789, 2025, 'Spring', 2),
(002678901, 11234, 2025, 'Fall', 2),
(002678901, 66789, 2025, 'Fall', 3),
(002789012, 45678, 2025, 'Spring', 1),
(002789012, 67890, 2025, 'Fall', 1),
(002789012, 33456, 2025, 'Spring', 1),
(002789012, 78901, 2025, 'Fall', 2),
(002890123, 12345, 2025, 'Fall', 3),
(002890123, 78901, 2025, 'Spring', 1),
(002890123, 55678, 2025, 'Fall', 2),
(002890123, 23456, 2025, 'Fall', 1),
(002901234, 56789, 2025, 'Fall', 2),
(002901234, 89012, 2025, 'Fall', 1),
(002901234, 77890, 2025, 'Spring', 1),
(002901234, 45678, 2025, 'Spring', 2),
(002012345, 67890, 2025, 'Spring', 1),
(002012345, 90123, 2025, 'Spring', 2),
(002012345, 99012, 2025, 'Fall', 1),
(002012345, 21234, 2025, 'Fall', 2),
(002123456, 23456, 2025, 'Fall', 3),
(002123456, 11234, 2025, 'Fall', 1),
(002123456, 89012, 2025, 'Spring', 1),
(002123456, 21234, 2025, 'Spring', 1),
(002234567, 78901, 2025, 'Fall', 1),
(002234567, 22345, 2025, 'Spring', 1),
(002234567, 43456, 2025, 'Fall', 2),
(002234567, 11234, 2025, 'Fall', 3),
(002345679, 12345, 2025, 'Fall', 4),
(002345679, 33456, 2025, 'Fall', 1),
(002345679, 65678, 2025, 'Spring', 1),
(002345679, 22345, 2025, 'Spring', 2),
(002456790, 89012, 2025, 'Spring', 1),
(002456790, 44567, 2025, 'Spring', 1),
(002456790, 87890, 2025, 'Fall', 1),
(002456790, 33456, 2025, 'Fall', 2),
(002567891, 90123, 2025, 'Fall', 1),
(002567891, 55678, 2025, 'Fall', 2),
(002567891, 19012, 2025, 'Fall', 1),
(002567891, 44567, 2025, 'Spring', 2),
(002678902, 34567, 2025, 'Fall', 2),
(002678902, 66789, 2025, 'Spring', 1),
(002678902, 31234, 2025, 'Spring', 2),
(002678902, 55678, 2025, 'Fall', 3),
(002789013, 11234, 2025, 'Spring', 1),
(002789013, 77890, 2025, 'Fall', 1),
(002789013, 53456, 2025, 'Fall', 1),
(002789013, 66789, 2025, 'Fall', 2),
(002890124, 22345, 2025, 'Fall', 1),
(002890124, 88901, 2025, 'Spring', 1),
(002890124, 75678, 2025, 'Spring', 1),
(002890124, 77890, 2025, 'Spring', 1),
(002901235, 33456, 2025, 'Fall', 3),
(002901235, 99012, 2025, 'Fall', 1),
(002901235, 12345, 2025, 'Fall', 5),
(002901235, 88901, 2025, 'Fall', 1),
(002012346, 44567, 2025, 'Spring', 1),
(002012346, 10123, 2025, 'Fall', 2),
(002012346, 34567, 2025, 'Spring', 1),
(002012346, 99012, 2025, 'Spring', 1),
(002123457, 55678, 2025, 'Fall', 1),
(002123457, 21234, 2025, 'Spring', 1),
(002123457, 56789, 2025, 'Fall', 1),
(002123457, 10123, 2025, 'Fall', 2),
(002234568, 66789, 2025, 'Fall', 1),
(002234568, 32345, 2025, 'Fall', 1),
(002234568, 78901, 2025, 'Fall', 2),
(002234568, 21234, 2025, 'Spring', 2),
(002345680, 77890, 2025, 'Spring', 1),
(002345680, 43456, 2025, 'Spring', 1),
(002345680, 90123, 2025, 'Spring', 1),
(002345680, 32345, 2025, 'Fall', 2),
(002456791, 88901, 2025, 'Fall', 1),
(002456791, 54567, 2025, 'Fall', 1),
(002456791, 22345, 2025, 'Fall', 2),
(002456791, 43456, 2025, 'Fall', 1),
(002567892, 99012, 2025, 'Fall', 1),
(002567892, 65678, 2025, 'Spring', 2),
(002567892, 44567, 2025, 'Spring', 1),
(002567892, 54567, 2025, 'Spring', 2),
(002678903, 10123, 2025, 'Spring', 1),
(002678903, 76789, 2025, 'Fall', 1),
(002678903, 66789, 2025, 'Fall', 1),
(002678903, 65678, 2025, 'Fall', 1),
(002789014, 21234, 2025, 'Fall', 1),
(002789014, 87890, 2025, 'Spring', 1),
(002789014, 88901, 2025, 'Fall', 2),
(002789014, 76789, 2025, 'Spring', 1),
(002890125, 32345, 2025, 'Fall', 1),
(002890125, 98901, 2025, 'Fall', 1),
(002890125, 10123, 2025, 'Spring', 1),
(002890125, 87890, 2025, 'Fall', 2),
(002901236, 43456, 2025, 'Spring', 1),
(002901236, 19012, 2025, 'Fall', 1),
(002901236, 32345, 2025, 'Fall', 1),
(002901236, 54567, 2025, 'Fall', 2),
(002012347, 54567, 2025, 'Fall', 1),
(002012347, 20123, 2025, 'Spring', 2),
(002012347, 65678, 2025, 'Fall', 2),
(002012347, 42345, 2025, 'Spring', 1),
(002123458, 65678, 2025, 'Fall', 1),
(002123458, 31234, 2025, 'Fall', 1),
(002123458, 76789, 2025, 'Fall', 1),
(002123458, 20123, 2025, 'Fall', 1),
(002234569, 76789, 2025, 'Spring', 1),
(002234569, 42345, 2025, 'Spring', 1),
(002234569, 98901, 2025, 'Spring', 1),
(002234569, 31234, 2025, 'Fall', 2),
(002345681, 87890, 2025, 'Fall', 1),
(002345681, 53456, 2025, 'Fall', 1),
(002345681, 20123, 2025, 'Fall', 2),
(002345681, 98901, 2025, 'Fall', 2),
(002456792, 98901, 2025, 'Fall', 1),
(002456792, 64567, 2025, 'Fall', 1),
(002456792, 42345, 2025, 'Spring', 1),
(002456792, 19012, 2025, 'Spring', 1),
(002567893, 19012, 2025, 'Spring', 1),
(002567893, 75678, 2025, 'Spring', 1),
(002567893, 64567, 2025, 'Fall', 1),
(002567893, 20123, 2025, 'Spring', 1),
(002678904, 20123, 2025, 'Fall', 1),
(002678904, 86789, 2025, 'Fall', 1),
(002678904, 31234, 2025, 'Spring', 1),
(002678904, 75678, 2025, 'Fall', 1),
(002789015, 31234, 2025, 'Fall', 1),
(002789015, 12345, 2025, 'Spring', 2),
(002789015, 53456, 2025, 'Spring', 1),
(002789015, 86789, 2025, 'Spring', 1);

# Bridge Table: ProjectGroup_Student (125+ rows)
INSERT INTO ProjectGroup_Student (nuID, teamID, CRN, firstName, lastName)
VALUES
(002345678, 1, 12345, 'Lucas', 'Rodriguez'),
(002456789, 2, 12345, 'Marcus', 'Chen'),
(002567890, 3, 23456, 'Sarah', 'Johnson'),
(002678901, 1, 12345, 'Emma', 'Thompson'),
(002789012, 4, 45678, 'Ryan', 'Patel'),
(002890123, 5, 12345, 'Olivia', 'Martinez'),
(002901234, 9, 56789, 'Ethan', 'Anderson'),
(002012345, 10, 67890, 'Ava', 'Taylor'),
(002123456, 6, 23456, 'Noah', 'Thomas'),
(002234567, 11, 78901, 'Sophia', 'Jackson'),
(002345679, 2, 12345, 'Liam', 'White'),
(002456790, 12, 89012, 'Isabella', 'Harris'),
(002567891, 13, 90123, 'Mason', 'Martin'),
(002678902, 7, 34567, 'Mia', 'Garcia'),
(002789013, 14, 11234, 'James', 'Robinson'),
(002890124, 15, 22345, 'Charlotte', 'Clark'),
(002901235, 16, 33456, 'Benjamin', 'Lewis'),
(002012346, 17, 44567, 'Amelia', 'Lee'),
(002123457, 18, 55678, 'Elijah', 'Walker'),
(002234568, 19, 66789, 'Harper', 'Hall'),
(002345680, 20, 77890, 'Lucas', 'Allen'),
(002456791, 21, 88901, 'Evelyn', 'Young'),
(002567892, 22, 99012, 'Alexander', 'King'),
(002678903, 23, 10123, 'Abigail', 'Wright'),
(002789014, 24, 21234, 'Michael', 'Lopez'),
(002890125, 25, 32345, 'Emily', 'Hill'),
(002901236, 26, 43456, 'Daniel', 'Scott'),
(002012347, 27, 54567, 'Elizabeth', 'Green'),
(002123458, 28, 65678, 'Matthew', 'Adams'),
(002234569, 29, 76789, 'Sofia', 'Baker'),
(002345681, 30, 87890, 'Jackson', 'Gonzalez'),
(002456792, 31, 98901, 'Avery', 'Nelson'),
(002567893, 32, 19012, 'David', 'Carter'),
(002678904, 33, 20123, 'Ella', 'Mitchell'),
(002789015, 34, 31234, 'Joseph', 'Perez'),
(002890123, 1, 12345, 'Olivia', 'Martinez'),
(002901234, 3, 23456, 'Ethan', 'Anderson'),
(002012345, 7, 34567, 'Ava', 'Taylor'),
(002123456, 4, 45678, 'Noah', 'Thomas'),
(002234567, 9, 56789, 'Sophia', 'Jackson'),
(002345679, 10, 67890, 'Liam', 'White'),
(002456790, 11, 78901, 'Isabella', 'Harris'),
(002567891, 12, 89012, 'Mason', 'Martin'),
(002678902, 13, 90123, 'Mia', 'Garcia'),
(002789013, 15, 22345, 'James', 'Robinson'),
(002890124, 16, 33456, 'Charlotte', 'Clark'),
(002901235, 17, 44567, 'Benjamin', 'Lewis'),
(002012346, 18, 55678, 'Amelia', 'Lee'),
(002123457, 19, 66789, 'Elijah', 'Walker'),
(002234568, 20, 77890, 'Harper', 'Hall'),
(002345680, 21, 88901, 'Lucas', 'Allen'),
(002456791, 22, 99012, 'Evelyn', 'Young'),
(002567892, 23, 10123, 'Alexander', 'King'),
(002678903, 24, 21234, 'Abigail', 'Wright'),
(002789014, 25, 32345, 'Michael', 'Lopez'),
(002890125, 26, 43456, 'Emily', 'Hill'),
(002901236, 27, 54567, 'Daniel', 'Scott'),
(002012347, 28, 65678, 'Elizabeth', 'Green'),
(002123458, 29, 76789, 'Matthew', 'Adams'),
(002234569, 30, 87890, 'Sofia', 'Baker'),
(002345681, 31, 98901, 'Jackson', 'Gonzalez'),
(002456792, 32, 19012, 'Avery', 'Nelson'),
(002567893, 33, 20123, 'David', 'Carter'),
(002678904, 34, 31234, 'Ella', 'Mitchell'),
(002789015, 5, 12345, 'Joseph', 'Perez'),
(002345678, 36, 12345, 'Lucas', 'Rodriguez'),
(002456789, 37, 23456, 'Marcus', 'Chen'),
(002567890, 38, 34567, 'Sarah', 'Johnson'),
(002678901, 39, 45678, 'Emma', 'Thompson'),
(002789012, 40, 56789, 'Ryan', 'Patel'),
(002890123, 41, 67890, 'Olivia', 'Martinez'),
(002901234, 42, 78901, 'Ethan', 'Anderson'),
(002012345, 43, 89012, 'Ava', 'Taylor'),
(002123456, 44, 90123, 'Noah', 'Thomas'),
(002234567, 45, 11234, 'Sophia', 'Jackson'),
(002345679, 46, 22345, 'Liam', 'White'),
(002456790, 47, 33456, 'Isabella', 'Harris'),
(002567891, 48, 44567, 'Mason', 'Martin'),
(002678902, 49, 55678, 'Mia', 'Garcia'),
(002789013, 50, 66789, 'James', 'Robinson'),
(002890124, 36, 12345, 'Charlotte', 'Clark'),
(002901235, 37, 23456, 'Benjamin', 'Lewis'),
(002012346, 38, 34567, 'Amelia', 'Lee'),
(002123457, 39, 45678, 'Elijah', 'Walker'),
(002234568, 40, 56789, 'Harper', 'Hall'),
(002345680, 41, 67890, 'Lucas', 'Allen'),
(002456791, 42, 78901, 'Evelyn', 'Young'),
(002567892, 43, 89012, 'Alexander', 'King'),
(002678903, 44, 90123, 'Abigail', 'Wright'),
(002789014, 45, 11234, 'Michael', 'Lopez'),
(002890125, 46, 22345, 'Emily', 'Hill'),
(002901236, 47, 33456, 'Daniel', 'Scott'),
(002012347, 48, 44567, 'Elizabeth', 'Green'),
(002123458, 49, 55678, 'Matthew', 'Adams'),
(002234569, 50, 66789, 'Sofia', 'Baker'),
(002345681, 51, 12345, 'Jackson', 'Gonzalez'),
(002456792, 52, 23456, 'Avery', 'Nelson'),
(002567893, 53, 34567, 'David', 'Carter'),
(002678904, 54, 45678, 'Ella', 'Mitchell'),
(002789015, 55, 56789, 'Joseph', 'Perez'),
(002345678, 51, 12345, 'Lucas', 'Rodriguez'),
(002456789, 52, 23456, 'Marcus', 'Chen'),
(002567890, 53, 34567, 'Sarah', 'Johnson'),
(002678901, 54, 45678, 'Emma', 'Thompson'),
(002789012, 55, 56789, 'Ryan', 'Patel'),
(002890123, 56, 67890, 'Olivia', 'Martinez'),
(002901234, 57, 78901, 'Ethan', 'Anderson'),
(002012345, 58, 89012, 'Ava', 'Taylor'),
(002123456, 59, 90123, 'Noah', 'Thomas'),
(002234567, 60, 11234, 'Sophia', 'Jackson'),
(002345679, 56, 67890, 'Liam', 'White'),
(002456790, 57, 78901, 'Isabella', 'Harris'),
(002567891, 58, 89012, 'Mason', 'Martin'),
(002678902, 59, 90123, 'Mia', 'Garcia'),
(002789013, 60, 11234, 'James', 'Robinson'),
(002890124, 61, 22345, 'Charlotte', 'Clark'),
(002901235, 62, 33456, 'Benjamin', 'Lewis'),
(002012346, 63, 44567, 'Amelia', 'Lee'),
(002123457, 64, 55678, 'Elijah', 'Walker'),
(002234568, 65, 66789, 'Harper', 'Hall'),
(002345680, 61, 22345, 'Lucas', 'Allen'),
(002456791, 62, 33456, 'Evelyn', 'Young'),
(002567892, 63, 44567, 'Alexander', 'King'),
(002678903, 64, 55678, 'Abigail', 'Wright');

# Bridge Table: Requesting_Students (125+ rows)
INSERT INTO Requesting_Students (requestID, nuID)
VALUES
(1, 002345678), (1, 002456789), (1, 002890123),
(2, 002567890), (2, 002678901), (2, 002901234),
(3, 002678901), (3, 002789012), (3, 002012345),
(4, 002789012), (4, 002890123), (4, 002123456),
(5, 002901234), (5, 002012345), (5, 002234567),
(6, 002123456), (6, 002234567), (6, 002345679),
(7, 002345679), (7, 002456790), (7, 002567891),
(8, 002456790), (8, 002567891), (8, 002678902),
(9, 002678902), (9, 002789013), (9, 002890124),
(10, 002789013), (10, 002890124), (10, 002901235),
(11, 002901235), (11, 002012346), (11, 002123457),
(12, 002012346), (12, 002123457), (12, 002234568),
(13, 002234568), (13, 002345680), (13, 002456791),
(14, 002345680), (14, 002456791), (14, 002567892),
(15, 002567892), (15, 002678903), (15, 002789014),
(16, 002678903), (16, 002789014), (16, 002890125),
(17, 002890125), (17, 002901236), (17, 002012347),
(18, 002901236), (18, 002012347), (18, 002123458),
(19, 002123458), (19, 002234569), (19, 002345681),
(20, 002234569), (20, 002345681), (20, 002456792),
(21, 002456792), (21, 002567893), (21, 002678904),
(22, 002567893), (22, 002678904), (22, 002789015),
(23, 002789015), (23, 002345678), (23, 002456789),
(24, 002567890), (24, 002678901), (24, 002789012),
(25, 002890123), (25, 002901234), (25, 002012345),
(26, 002123456), (26, 002234567), (26, 002345679),
(27, 002456790), (27, 002567891), (27, 002678902),
(28, 002789013), (28, 002890124), (28, 002901235),
(29, 002012346), (29, 002123457), (29, 002234568),
(30, 002345680), (30, 002456791), (30, 002567892),
(31, 002678903), (31, 002789014), (31, 002890125),
(32, 002901236), (32, 002012347), (32, 002123458),
(33, 002234569), (33, 002345681), (33, 002456792),
(34, 002567893), (34, 002678904), (34, 002789015),
(35, 002345678), (35, 002456789), (35, 002567890),
(1, 002567890), (2, 002345678), (3, 002456789),
(4, 002567890), (5, 002678901), (6, 002789012),
(7, 002890123), (8, 002901234), (9, 002012345),
(10, 002123456), (11, 002234567), (12, 002345679),
(13, 002456790), (14, 002567891), (15, 002678902),
(16, 002789013), (17, 002890124), (18, 002901235),
(19, 002012346), (20, 002123457), (21, 002234568),
(22, 002345680), (23, 002456791), (24, 002567892),
(25, 002678903), (26, 002789014), (27, 002890125),
(28, 002901236), (29, 002012347), (30, 002123458),
(31, 002234569), (32, 002345681), (33, 002456789),
(34, 002890123), (35, 002678904);

# Bridge Table: Student_Uploads_Resource (125+ rows)
INSERT INTO Student_Uploads_Resource (resourceID, studentID)
VALUES
(5001, 002345678), (5002, 002456789), (5003, 002567890), (5004, 002678901),
(5005, 002789012), (5006, 002890123), (5007, 002901234), (5008, 002012345),
(5009, 002123456), (5010, 002234567), (5011, 002345679), (5012, 002456790),
(5013, 002567891), (5014, 002678902), (5015, 002789013), (5016, 002890124),
(5017, 002901235), (5018, 002012346), (5019, 002123457), (5020, 002234568),
(5021, 002345680), (5022, 002456791), (5023, 002567892), (5024, 002678903),
(5025, 002789014), (5026, 002890125), (5027, 002901236), (5028, 002012347),
(5029, 002123458), (5030, 002234569), (5031, 002345681), (5032, 002456792),
(5033, 002567893), (5034, 002678904), (5035, 002789015),
(5001, 002456789), (5002, 002567890), (5003, 002678901), (5004, 002789012),
(5005, 002890123), (5006, 002901234), (5007, 002012345), (5008, 002123456),
(5009, 002234567), (5010, 002345679), (5011, 002456790), (5012, 002567891),
(5013, 002678902), (5014, 002789013), (5015, 002890124), (5016, 002901235),
(5017, 002012346), (5018, 002123457), (5019, 002234568), (5020, 002345680),
(5021, 002456791), (5022, 002567892), (5023, 002678903), (5024, 002789014),
(5025, 002890125), (5026, 002901236), (5027, 002012347), (5028, 002123458),
(5029, 002234569), (5030, 002345681), (5031, 002456792), (5032, 002567893),
(5033, 002678904), (5034, 002789015), (5035, 002345678),
(5001, 002567890), (5002, 002678901), (5003, 002789012), (5004, 002890123),
(5005, 002901234), (5006, 002012345), (5007, 002123456), (5008, 002234567),
(5009, 002345679), (5010, 002456790), (5011, 002567891), (5012, 002678902),
(5013, 002789013), (5014, 002890124), (5015, 002901235), (5016, 002012346),
(5017, 002123457), (5018, 002234568), (5019, 002345680), (5020, 002456791),
(5021, 002567892), (5022, 002678903), (5023, 002789014), (5024, 002890125),
(5025, 002901236), (5026, 002012347), (5027, 002123458), (5028, 002234569),
(5029, 002345681), (5030, 002456792), (5031, 002567893), (5032, 002678904),
(5001, 002789012), (5002, 002890123), (5003, 002901234), (5004, 002012345),
(5005, 002123456), (5006, 002234567), (5007, 002345679), (5008, 002456790),
(5009, 002567891), (5010, 002678902), (5011, 002789013), (5012, 002890124),
(5013, 002901235), (5014, 002012346), (5015, 002123457), (5016, 002234568),
(5017, 002345680), (5018, 002456791), (5019, 002567892), (5020, 002678903);

# Bridge Table: TA_Uploads_Resource (125+ rows)
INSERT INTO TA_Uploads_Resource (resourceID, taID)
VALUES
(5001, 001567890), (5002, 001678901), (5003, 001789012), (5004, 001890123),
(5005, 001901234), (5006, 001012345), (5007, 001123456), (5008, 001234566),
(5009, 001345677), (5010, 001456788), (5011, 001567899), (5012, 001678900),
(5013, 001789011), (5014, 001890122), (5015, 001901233), (5016, 001012344),
(5017, 001123455), (5018, 001234565), (5019, 001345676), (5020, 001456787),
(5021, 001567898), (5022, 001678909), (5023, 001789010), (5024, 001890121),
(5025, 001901232), (5026, 001012343), (5027, 001123454), (5028, 001234564),
(5029, 001345675), (5030, 001456786), (5031, 001567897), (5032, 001678908),
(5033, 001789009), (5034, 001890120), (5035, 001901231),
(5001, 001678901), (5002, 001789012), (5003, 001890123), (5004, 001901234),
(5005, 001012345), (5006, 001123456), (5007, 001234566), (5008, 001345677),
(5009, 001456788), (5010, 001567899), (5011, 001678900), (5012, 001789011),
(5013, 001890122), (5014, 001901233), (5015, 001012344), (5016, 001123455),
(5017, 001234565), (5018, 001345676), (5019, 001456787), (5020, 001567898),
(5021, 001678909), (5022, 001789010), (5023, 001890121), (5024, 001901232),
(5025, 001012343), (5026, 001123454), (5027, 001234564), (5028, 001345675),
(5029, 001456786), (5030, 001567897), (5031, 001678908), (5032, 001789009),
(5033, 001890120), (5034, 001901231), (5035, 001567890),
(5001, 001789012), (5002, 001890123), (5003, 001901234), (5004, 001012345),
(5005, 001123456), (5006, 001234566), (5007, 001345677), (5008, 001456788),
(5009, 001567899), (5010, 001678900), (5011, 001789011), (5012, 001890122),
(5013, 001901233), (5014, 001012344), (5015, 001123455), (5016, 001234565),
(5017, 001345676), (5018, 001456787), (5019, 001567898), (5020, 001678909),
(5021, 001789010), (5022, 001890121), (5023, 001901232), (5024, 001012343),
(5025, 001123454), (5026, 001234564), (5027, 001345675), (5028, 001456786),
(5029, 001567897), (5030, 001678908), (5031, 001789009), (5032, 001890120),
(5001, 001890123), (5002, 001901234), (5003, 001012345), (5004, 001123456),
(5005, 001234566), (5006, 001345677), (5007, 001456788), (5008, 001567899),
(5009, 001678900), (5010, 001789011), (5011, 001890122), (5012, 001901233),
(5013, 001012344), (5014, 001123455), (5015, 001234565), (5016, 001345676),
(5017, 001456787), (5018, 001567898), (5019, 001678909), (5020, 001789010);

# Bridge Table: Student_Joins_Session (125+ rows)
INSERT INTO Student_Joins_Session (nuID, sessionID)
VALUES
(002345678, 1001), (002456789, 1001), (002890123, 1001), (002345679, 1001),
(002567890, 1002), (002678901, 1002), (002901234, 1002), (002456790, 1002),
(002678901, 1003), (002789012, 1003), (002012345, 1003), (002567891, 1003),
(002789012, 1004), (002890123, 1004), (002123456, 1004), (002678902, 1004),
(002901234, 1005), (002012345, 1005), (002234567, 1005), (002789013, 1005),
(002123456, 1006), (002234567, 1006), (002345679, 1006), (002890124, 1006),
(002345679, 1007), (002456790, 1007), (002567891, 1007), (002901235, 1007),
(002456790, 1008), (002567891, 1008), (002678902, 1008), (002012346, 1008),
(002678902, 1009), (002789013, 1009), (002890124, 1009), (002123457, 1009),
(002789013, 1010), (002890124, 1010), (002901235, 1010), (002234568, 1010),
(002901235, 1011), (002012346, 1011), (002123457, 1011), (002345680, 1011),
(002012346, 1012), (002123457, 1012), (002234568, 1012), (002456791, 1012),
(002234568, 1013), (002345680, 1013), (002456791, 1013), (002567892, 1013),
(002345680, 1014), (002456791, 1014), (002567892, 1014), (002678903, 1014),
(002567892, 1015), (002678903, 1015), (002789014, 1015), (002890125, 1015),
(002678903, 1016), (002789014, 1016), (002890125, 1016), (002901236, 1016),
(002890125, 1017), (002901236, 1017), (002012347, 1017), (002123458, 1017),
(002901236, 1018), (002012347, 1018), (002123458, 1018), (002234569, 1018),
(002123458, 1019), (002234569, 1019), (002345681, 1019), (002456792, 1019),
(002234569, 1020), (002345681, 1020), (002456792, 1020), (002567893, 1020),
(002456792, 1021), (002567893, 1021), (002678904, 1021), (002789015, 1021),
(002567893, 1022), (002678904, 1022), (002789015, 1022), (002345678, 1022),
(002789015, 1023), (002345678, 1023), (002456789, 1023), (002567890, 1023),
(002567890, 1024), (002678901, 1024), (002789012, 1024), (002890123, 1024),
(002890123, 1025), (002901234, 1025), (002012345, 1025), (002123456, 1025),
(002123456, 1026), (002234567, 1026), (002345679, 1026), (002456790, 1026),
(002456790, 1027), (002567891, 1027), (002678902, 1027), (002789013, 1027),
(002789013, 1028), (002890124, 1028), (002901235, 1028), (002012346, 1028),
(002012346, 1029), (002123457, 1029), (002234568, 1029), (002345680, 1029),
(002345680, 1030), (002456791, 1030), (002567892, 1030), (002678903, 1030),
(002678903, 1031), (002789014, 1031), (002890125, 1031), (002901236, 1031),
(002901236, 1032), (002012347, 1032), (002123458, 1032), (002234569, 1032),
(002234569, 1033), (002345681, 1033), (002456792, 1033), (002567893, 1033),
(002567893, 1034), (002678904, 1034), (002789015, 1034), (002345678, 1034),
(002345678, 1035), (002456789, 1035), (002567890, 1035), (002678901, 1035);

# Bridge Table: TA_Attends_Session (125+ rows)
INSERT INTO TA_Attends_Session (taID, sessionID)
VALUES
(001567890, 1001), (001678901, 1001), (001567899, 1001),
(001789012, 1002), (001890122, 1002), (001678900, 1002),
(001890123, 1003), (001901233, 1003), (001789011, 1003),
(001901234, 1004), (001012344, 1004), (001890122, 1004),
(001012345, 1005), (001123455, 1005), (001901233, 1005),
(001123456, 1006), (001234565, 1006), (001012344, 1006),
(001234566, 1007), (001345676, 1007), (001123455, 1007),
(001345677, 1008), (001456787, 1008), (001234565, 1008),
(001456788, 1009), (001567898, 1009), (001345676, 1009),
(001567899, 1010), (001678909, 1010), (001456787, 1010),
(001678900, 1011), (001789010, 1011), (001567898, 1011),
(001789011, 1012), (001890121, 1012), (001678909, 1012),
(001890122, 1013), (001901232, 1013), (001789010, 1013),
(001901233, 1014), (001012343, 1014), (001890121, 1014),
(001012344, 1015), (001123454, 1015), (001901232, 1015),
(001123455, 1016), (001234564, 1016), (001012343, 1016),
(001234565, 1017), (001345675, 1017), (001123454, 1017),
(001345676, 1018), (001456786, 1018), (001234564, 1018),
(001456787, 1019), (001567897, 1019), (001345675, 1019),
(001567898, 1020), (001678908, 1020), (001456786, 1020),
(001678909, 1021), (001789009, 1021), (001567897, 1021),
(001789010, 1022), (001890120, 1022), (001678908, 1022),
(001890121, 1023), (001901231, 1023), (001789009, 1023),
(001901232, 1024), (001567890, 1024), (001890120, 1024),
(001012343, 1025), (001678901, 1025), (001901231, 1025),
(001123454, 1026), (001789012, 1026), (001567890, 1026),
(001234564, 1027), (001890123, 1027), (001678901, 1027),
(001345675, 1028), (001901234, 1028), (001789012, 1028),
(001456786, 1029), (001012345, 1029), (001890123, 1029),
(001567897, 1030), (001123456, 1030), (001901234, 1030),
(001678908, 1031), (001234566, 1031), (001012345, 1031),
(001789009, 1032), (001345677, 1032), (001123456, 1032),
(001890120, 1033), (001456788, 1033), (001234566, 1033),
(001901231, 1034), (001567899, 1034), (001345677, 1034),
(001567890, 1035), (001678900, 1035), (001456788, 1035);

# Bridge Table: Session_Covers_Topic (125+ rows)
INSERT INTO Session_Covers_Topic (crn, topicID, sessionID)
VALUES
(12345, 1, 1001), (12345, 2, 1001), (12345, 3, 1001),
(12345, 6, 1001), (23456, 4, 1002), (34567, 4, 1004),
(23456, 1, 1002), (23456, 2, 1002), (23456, 3, 1002),
(12345, 1, 1003), (12345, 2, 1003), (12345, 3, 1003),
(12345, 4, 1003), (12345, 5, 1003), (12345, 6, 1003),
(34567, 1, 1004), (34567, 2, 1004), (34567, 3, 1004),
(56789, 1, 1005), (56789, 2, 1005), (56789, 3, 1005),
(67890, 1, 1006), (67890, 2, 1006), (67890, 3, 1006),
(67890, 4, 1006), (67890, 5, 1006), (45678, 3, 1026),
(78901, 1, 1007), (78901, 2, 1007), (78901, 3, 1007),
(89012, 1, 1008), (89012, 2, 1008), (89012, 3, 1008),
(90123, 1, 1009), (90123, 2, 1009), (90123, 3, 1009),
(11234, 1, 1010), (11234, 2, 1010), (11234, 3, 1010),
(22345, 1, 1011), (22345, 2, 1011), (22345, 3, 1011),
(33456, 1, 1012), (33456, 2, 1012), (33456, 3, 1012),
(44567, 1, 1013), (44567, 2, 1013), (44567, 3, 1013);

INSERT INTO Session_Covers_Topic (crn, topicID, sessionID)
VALUES
(55678, 1, 1014), (55678, 2, 1014), (55678, 3, 1014),
(66789, 1, 1015), (66789, 2, 1015), (66789, 3, 1015),
(77890, 1, 1016), (77890, 2, 1016), (77890, 3, 1016),
(88901, 1, 1017), (88901, 2, 1017), (88901, 3, 1017),
(99012, 1, 1018), (99012, 2, 1018), (99012, 3, 1018),
(10123, 1, 1019), (10123, 2, 1019), (10123, 3, 1019),
(21234, 1, 1020), (21234, 2, 1020), (21234, 3, 1020),
(32345, 1, 1021), (32345, 2, 1021), (32345, 3, 1021),
(43456, 1, 1022), (12345, 6, 1022), (12345, 2, 1022),
(54567, 1, 1023), (54567, 2, 1023), (54567, 3, 1023),
(65678, 1, 1024), (23456, 4, 1024), (23456, 2, 1024),
(76789, 1, 1025), (34567, 2, 1025), (34567, 3, 1025),
(87890, 1, 1026), (45678, 4, 1026), (45678, 2, 1026),
(98901, 1, 1027), (56789, 2, 1027), (56789, 3, 1027),
(19012, 1, 1028), (67890, 2, 1028), (67890, 3, 1028);

INSERT INTO Session_Covers_Topic (crn, topicID, sessionID)
VALUES
(20123, 1, 1029), (78901, 2, 1029), (78901, 3, 1029),
(31234, 1, 1030), (89012, 2, 1030), (89012, 3, 1030),
(42345, 1, 1031), (90123, 2, 1031), (90123, 3, 1031),
(53456, 1, 1032), (11234, 2, 1032), (11234, 3, 1032),
(64567, 1, 1033), (22345, 2, 1033), (22345, 3, 1033),
(75678, 1, 1034), (33456, 2, 1034), (33456, 3, 1034),
(86789, 1, 1035), (44567, 2, 1035), (44567, 3, 1035);

# Bridge Table: Request_Tags (125+ rows)
INSERT INTO Request_Tags (tagID, requestID)
VALUES
(1, 1), (2, 1), (3, 1), (4, 1),
(2, 2), (3, 2), (5, 2), (6, 2),
(4, 3), (5, 3), (7, 3), (8, 3),
(5, 4), (6, 4), (7, 4), (9, 4),
(8, 5), (9, 5), (10, 5), (11, 5),
(10, 6), (11, 6), (12, 6), (13, 6),
(12, 7), (13, 7), (14, 7), (15, 7),
(14, 8), (15, 8), (16, 8), (17, 8),
(16, 9), (17, 9), (18, 9), (19, 9),
(18, 10), (19, 10), (20, 10), (21, 10),
(20, 11), (21, 11), (22, 11), (23, 11),
(22, 12), (23, 12), (24, 12), (25, 12),
(24, 13), (25, 13), (26, 13), (27, 13),
(26, 14), (27, 14), (28, 14), (29, 14),
(28, 15), (29, 15), (30, 15), (31, 15),
(30, 16), (31, 16), (32, 16), (33, 16),
(32, 17), (33, 17), (34, 17), (35, 17),
(34, 18), (35, 18), (1, 18), (2, 18),
(1, 19), (2, 19), (3, 19), (4, 19),
(3, 20), (4, 20), (5, 20), (6, 20),
(5, 21), (6, 21), (7, 21), (8, 21),
(7, 22), (8, 22), (9, 22), (10, 22),
(9, 23), (10, 23), (11, 23), (12, 23),
(11, 24), (12, 24), (13, 24), (14, 24),
(13, 25), (14, 25), (15, 25), (16, 25),
(15, 26), (16, 26), (17, 26), (18, 26),
(17, 27), (18, 27), (19, 27), (20, 27),
(19, 28), (20, 28), (21, 28), (22, 28),
(21, 29), (22, 29), (23, 29), (24, 29),
(23, 30), (24, 30), (25, 30), (26, 30),
(25, 31), (26, 31), (27, 31), (28, 31),
(27, 32), (28, 32), (29, 32), (30, 32),
(29, 33), (30, 33), (31, 33), (32, 33),
(31, 34), (32, 34), (33, 34), (34, 34),
(33, 35), (34, 35), (35, 35), (1, 35);

# Bridge Table: PeerTutors_Student (125+ rows)
INSERT INTO PeerTutors_Student (nuID, tutorID)
VALUES
(002345678, 003123456), (002456789, 003234567), (002567890, 003345678),
(002678901, 003123456), (002789012, 003456789), (002890123, 003567890),
(002901234, 003678901), (002012345, 003789012), (002123456, 003890123),
(002234567, 003901234), (002345679, 003012345), (002456790, 003123457),
(002567891, 003234568), (002678902, 003345679), (002789013, 003456780),
(002890124, 003567891), (002901235, 003678902), (002012346, 003789013),
(002123457, 003890124), (002234568, 003901235), (002345680, 003012346),
(002456791, 003123458), (002567892, 003234569), (002678903, 003345680),
(002789014, 003456781), (002890125, 003567892), (002901236, 003678903),
(002012347, 003789014), (002123458, 003890125), (002234569, 003901236),
(002345681, 003012347), (002456792, 003123459), (002567893, 003234570),
(002678904, 003345681), (002789015, 003456782),
(002345678, 003234567), (002456789, 003345678), (002567890, 003456789),
(002678901, 003567890), (002789012, 003678901), (002890123, 003789012),
(002901234, 003890123), (002012345, 003901234), (002123456, 003012345),
(002234567, 003123457), (002345679, 003234568), (002456790, 003345679),
(002567891, 003456780), (002678902, 003567891), (002789013, 003678902),
(002890124, 003789013), (002901235, 003890124), (002012346, 003901235),
(002123457, 003012346), (002234568, 003123458), (002345680, 003234569),
(002456791, 003345680), (002567892, 003456781), (002678903, 003567892),
(002789014, 003678903), (002890125, 003789014), (002901236, 003890125),
(002012347, 003901236), (002123458, 003012347), (002234569, 003123459),
(002345681, 003234570), (002456792, 003345681), (002567893, 003456782),
(002678904, 003567893), (002789015, 003123456),
(002345678, 003345678), (002456789, 003456789), (002567890, 003567890),
(002678901, 003678901), (002789012, 003789012), (002890123, 003890123),
(002901234, 003901234), (002012345, 003012345), (002123456, 003123457),
(002234567, 003234568), (002345679, 003345679), (002456790, 003456780),
(002567891, 003567891), (002678902, 003678902), (002789013, 003789013),
(002890124, 003890124), (002901235, 003901235), (002012346, 003012346),
(002123457, 003123458), (002234568, 003234569), (002345680, 003345680),
(002456791, 003456781), (002567892, 003567892), (002678903, 003678903),
(002789014, 003789014), (002890125, 003890125), (002901236, 003901236),
(002012347, 003012347), (002123458, 003123459), (002234569, 003234570),
(002345681, 003345681), (002456792, 003456782), (002567893, 003567893),
(002678904, 003123456), (002789015, 003234567),
(002345678, 003456789), (002456789, 003567890), (002567890, 003678901),
(002678901, 003789012), (002789012, 003890123), (002890123, 003901234),
(002901234, 003012345), (002012345, 003123457), (002123456, 003234568),
(002234567, 003345679), (002345679, 003456780), (002456790, 003567891),
(002567891, 003678902), (002678902, 003789013), (002789013, 003890124),
(002890124, 003901235), (002901235, 003012346), (002012346, 003123458);

# Bridge Table: Tutor_Aides (125+ rows)
INSERT INTO Tutor_Aides (tutorID, sessionID)
VALUES
(003123456, 1001), (003234567, 1002), (003345678, 1003), (003456789, 1004),
(003567890, 1005), (003678901, 1006), (003789012, 1007), (003890123, 1008),
(003901234, 1009), (003012345, 1010), (003123457, 1011), (003234568, 1012),
(003345679, 1013), (003456780, 1014), (003567891, 1015), (003678902, 1016),
(003789013, 1017), (003890124, 1018), (003901235, 1019), (003012346, 1020),
(003123458, 1021), (003234569, 1022), (003345680, 1023), (003456781, 1024),
(003567892, 1025), (003678903, 1026), (003789014, 1027), (003890125, 1028),
(003901236, 1029), (003012347, 1030), (003123459, 1031), (003234570, 1032),
(003345681, 1033), (003456782, 1034), (003567893, 1035),
(003123456, 1002), (003234567, 1003), (003345678, 1004), (003456789, 1005),
(003567890, 1006), (003678901, 1007), (003789012, 1008), (003890123, 1009),
(003901234, 1010), (003012345, 1011), (003123457, 1012), (003234568, 1013),
(003345679, 1014), (003456780, 1015), (003567891, 1016), (003678902, 1017),
(003789013, 1018), (003890124, 1019), (003901235, 1020), (003012346, 1021),
(003123458, 1022), (003234569, 1023), (003345680, 1024), (003456781, 1025),
(003567892, 1026), (003678903, 1027), (003789014, 1028), (003890125, 1029),
(003901236, 1030), (003012347, 1031), (003123459, 1032), (003234570, 1033),
(003345681, 1034), (003456782, 1035), (003567893, 1001),
(003123456, 1003), (003234567, 1004), (003345678, 1005), (003456789, 1006),
(003567890, 1007), (003678901, 1008), (003789012, 1009), (003890123, 1010),
(003901234, 1011), (003012345, 1012), (003123457, 1013), (003234568, 1014),
(003345679, 1015), (003456780, 1016), (003567891, 1017), (003678902, 1018),
(003789013, 1019), (003890124, 1020), (003901235, 1021), (003012346, 1022),
(003123458, 1023), (003234569, 1024), (003345680, 1025), (003456781, 1026),
(003567892, 1027), (003678903, 1028), (003789014, 1029), (003890125, 1030),
(003901236, 1031), (003012347, 1032), (003123459, 1033), (003234570, 1034),
(003345681, 1035), (003456782, 1001), (003567893, 1002),
(003123456, 1004), (003234567, 1005), (003345678, 1006), (003456789, 1007),
(003567890, 1008), (003678901, 1009), (003789012, 1010), (003890123, 1011),
(003901234, 1012), (003012345, 1013), (003123457, 1014), (003234568, 1015),
(003345679, 1016), (003456780, 1017), (003567891, 1018), (003678902, 1019),
(003789013, 1020), (003890124, 1021), (003901235, 1022), (003012346, 1023);